{
  "fx.ricochet": {
    "category": "master",
    "sounds": [ "fx/bowhit1", "fx/bowhit2", "fx/bowhit3", "fx/bowhit4" ]
  },
  "fx.whiz": {
    "category": "master",
    "sounds": [
      {
				"name": "fx/whiz1",
				"weight": 4
			},
      {
				"name": "fx/whiz2",
				"weight": 1
			},
      {
				"name": "fx/whiz3",
				"weight": 2
			}
    ]
  },
  "fx.stim": {
    "category": "master",
    "sounds": [ "misc/stim" ]
  },
  "explosion.frag": {
    "category": "master",
	  "sounds": [ "explosion/frag" ]
  },
  "explosion.molotov": {
    "category": "master",
	  "sounds": [ "explosion/molotov" ]
  },
  "reload.start.light": {
    "category": "master",
	  "sounds": [ "reload/eject_mag_light" ]
  },
  "reload.end.light": {
    "category": "master",
	  "sounds": [ "reload/insert_mag_light" ]
  },
  "reload.start.normal": {
    "category": "master",
	  "sounds": [ "reload/eject_mag_normal" ]
  },
  "reload.end.normal": {
    "category": "master",
	  "sounds": [ "reload/insert_mag_normal" ]
  },
  "reload.start.heavy": {
    "category": "master",
	  "sounds": [ "reload/eject_mag_minigun" ]
  },
  "reload.end.heavy": {
    "category": "master",
	  "sounds": [ "reload/insert_mag_minigun" ]
  },
  "reload.start.shotgun": {
    "category": "master",
	  "sounds": [ "reload/insert_shotgun_shells" ]
  },
  "shoot.50gs.quiet": {
    "category": "master",
    "sounds": ["shoot/quiet/50gs"]
  },
  "shoot.357magnum.quiet": {
    "category": "master",
    "sounds": ["shoot/quiet/357magnum"]
  },
  "shoot.ak47.quiet": {
    "category": "master",
    "sounds": ["shoot/quiet/ak47"]
  },
  "shoot.aug.quiet": {
    "category": "master",
    "sounds": ["shoot/quiet/aug"]
  },
  "shoot.ax50.quiet": {
    "category": "master",
    "sounds": ["shoot/quiet/ax50"]
  },
  "shoot.fnfal.quiet": {
    "category": "master",
    "sounds": ["shoot/quiet/fnfal"]
  },
  "shoot.fr556.quiet": {
    "category": "master",
    "sounds": ["shoot/quiet/fr556"]
  },
  "shoot.kar98k.quiet": {
    "category": "master",
    "sounds": ["shoot/quiet/kar98k"]
  },
  "shoot.m4a1.quiet": {
    "category": "master",
    "sounds": ["shoot/quiet/m4a1"]
  },
  "shoot.mg34.quiet": {
    "category": "master",
    "sounds": ["shoot/quiet/mg34"]
  },
  "shoot.origin12.quiet": {
    "category": "master",
    "sounds": ["shoot/quiet/origin12"]
  },
  "shoot.r90.quiet": {
    "category": "master",
    "sounds": ["shoot/quiet/r90shotgun"]
  },
  "shoot.rpg7.quiet": {
    "category": "master",
    "sounds": ["shoot/quiet/rpg7"]
  },
  "shoot.uzi.quiet": {
    "category": "master",
    "sounds": ["shoot/quiet/uzi"]
  },
  "shoot.stg44.quiet": {
    "category": "master",
    "sounds": ["shoot/quiet/stg44"]
  },
  "shoot.fatman.quiet": {
    "category": "master",
    "sounds": ["shoot/quiet/fatman"]
  },
  "shoot.50gs.ambient": {
    "category": "master",
    "sounds": ["shoot/ambient/50gs"]
  },
  "shoot.357magnum.ambient": {
    "category": "master",
    "sounds": ["shoot/ambient/357magnum"]
  },
  "shoot.ak47.ambient": {
    "category": "master",
    "sounds": ["shoot/ambient/ak47"]
  },
  "shoot.aug.ambient": {
    "category": "master",
    "sounds": ["shoot/ambient/aug"]
  },
  "shoot.ax50.ambient": {
    "category": "master",
    "sounds": ["shoot/ambient/ax50"]
  },
  "shoot.fnfal.ambient": {
    "category": "master",
    "sounds": ["shoot/ambient/fnfal"]
  },
  "shoot.fr556.ambient": {
    "category": "master",
    "sounds": ["shoot/ambient/fr556"]
  },
  "shoot.kar98k.ambient": {
    "category": "master",
    "sounds": ["shoot/ambient/kar98k"]
  },
  "shoot.m4a1.ambient": {
    "category": "master",
    "sounds": ["shoot/ambient/m4a1"]
  },
  "shoot.mg34.ambient": {
    "category": "master",
    "sounds": ["shoot/ambient/mg34"]
  },
  "shoot.origin12.ambient": {
    "category": "master",
    "sounds": ["shoot/ambient/origin12"]
  },
  "shoot.r90.ambient": {
    "category": "master",
    "sounds": ["shoot/ambient/r90shotgun"]
  },
  "shoot.rpg7.ambient": {
    "category": "master",
    "sounds": ["shoot/ambient/rpg7"]
  },
  "shoot.uzi.ambient": {
    "category": "master",
    "sounds": ["shoot/ambient/uzi"]
  },
  "shoot.stg44.ambient": {
    "category": "master",
    "sounds": ["shoot/ambient/stg44"]
  },
  "shoot.fatman.ambient": {
    "category": "master",
    "sounds": ["shoot/ambient/fatman"]
  },
  "shoot.50gs.loud": {
    "category": "master",
    "sounds": ["shoot/loud/50gs"]
  },
  "shoot.357magnum.loud": {
    "category": "master",
    "sounds": ["shoot/loud/357magnum"]
  },
  "shoot.ak47.loud": {
    "category": "master",
    "sounds": ["shoot/loud/ak47"]
  },
  "shoot.aug.loud": {
    "category": "master",
    "sounds": ["shoot/loud/aug"]
  },
  "shoot.ax50.loud": {
    "category": "master",
    "sounds": ["shoot/loud/ax50"]
  },
  "shoot.fnfal.loud": {
    "category": "master",
    "sounds": ["shoot/loud/fnfal"]
  },
  "shoot.fr556.loud": {
    "category": "master",
    "sounds": ["shoot/loud/fr556"]
  },
  "shoot.kar98k.loud": {
    "category": "master",
    "sounds": ["shoot/loud/kar98k"]
  },
  "shoot.m4a1.loud": {
    "category": "master",
    "sounds": ["shoot/loud/m4a1"]
  },
  "shoot.mg34.loud": {
    "category": "master",
    "sounds": ["shoot/loud/mg34"]
  },
  "shoot.origin12.loud": {
    "category": "master",
    "sounds": ["shoot/loud/origin12"]
  },
  "shoot.r90.loud": {
    "category": "master",
    "sounds": ["shoot/loud/r90shotgun"]
  },
  "shoot.rpg7.loud": {
    "category": "master",
    "sounds": ["shoot/loud/rpg7"]
  },
  "shoot.uzi.loud": {
    "category": "master",
    "sounds": ["shoot/loud/uzi"]
  },
  "shoot.stg44.loud": {
    "category": "master",
    "sounds": ["shoot/loud/stg44"]
  },
  "shoot.fatman.loud": {
    "category": "master",
    "sounds": ["shoot/loud/fatman"]
  }
    "bulletbig": {
        "replace": false,
        "sounds": [
            "bulletbig"
        ]
    },
    "bulletmedium": {
        "replace": false,
        "sounds": [
            "bulletmedium"
        ]
    },
    "bulletsmall": {
        "replace": false,
        "sounds": [
            "bulletsmall"
        ]
    },
    "bulletauto": {
        "replace": false,
        "sounds": [
            "bulletauto"
        ]
    },
    "reloadbolt": {
        "replace": false,
        "sounds": [
            "reloadbolt"
        ]
    },
    "reloadbullet": {
        "replace": false,
        "sounds": [
            "reloadbullet"
        ]
    },
    "reloadmagin": {
        "replace": false,
        "sounds": [
            "reloadmagin"
        ]
    },
    "reloadmagout": {
        "replace": false,
        "sounds": [
            "reloadmagout"
        ]
    },
    "warheadexplode": {
        "replace": false,
        "sounds": [
            "warheadexplode"
        ]
    },
    "warheadlaunch": {
        "replace": false,
        "sounds": [
            "warheadlaunch"
        ]
    },
    "bulletlazer": {
        "replace": false,
        "sounds": [
            "bulletlazer"
        ]
    },
    "flashbang": {
        "replace": false,
        "sounds": [
            "flashbang"
        ]
    },
    "chainsmall": {
        "replace": false,
        "sounds": [
            "chainsmall"
        ]
    },
    "metalhit": {
        "replace": false,
        "sounds": [
            "metalhit"
        ]
    },
    "shockwave": {
        "replace": false,
        "sounds": [
            "shockwave"
        ]
    },
    "lazerfire": {
        "replace": false,
        "sounds": [
            "lazerfire"
        ]
    },
    "bulletswblaster": {
        "replace": false,
        "sounds": [
            "bulletswblaster"
        ]
    },
    "bulletneedler": {
        "replace": false,
        "sounds": [
            "bulletneedler"
        ]
    },
    "bullethalolazer": {
        "replace": false,
        "sounds": [
            "bullethalolazer"
        ]
    },
    "bulletdeagle": {
        "replace": false,
        "sounds": [
            "bulletdeagle"
        ]
    },
    "bulletsmallauto": {
        "replace": false,
        "sounds": [
            "bulletsmallauto"
        ]
    },
    "driving": {
        "replace": false,
        "sounds": [
            "driving"
        ]
    },
    "driving2": {
        "replace": false,
        "sounds": [
            "driving2"
        ]
    },
    "engine": {
        "replace": false,
        "sounds": [
            "engine"
        ]
    },
    "carskid": {
        "replace": false,
        "sounds": [
            "carskid"
        ]
    },
    "honk": {
        "replace": false,
        "sounds": [
            "honk"
        ]
    },
    "siren": {
        "replace": false,
        "sounds": [
            "siren"
        ]
    },
    "lightsaberstart": {
        "replace": false,
        "sounds": [
            "lightsaberstart"
        ]
    },
    "saberhit": {
        "replace": false,
        "sounds": [
            "saberhit"
        ]
    },
    "sithsaberstart": {
        "replace": false,
        "sounds": [
            "sithsaberstart"
        ]
    },
    "reloadclick": {
        "replace": false,
        "sounds": [
            "reloadclick"
        ]
    },
    "reloadmagclick": {
        "replace": false,
        "sounds": [
            "reloadmagclick"
        ]
    },
    "outofammoclick": {
        "replace": false,
        "sounds": [
            "outofammoclick"
        ]
    },
    "openbag": {
        "replace": false,
        "sounds": [
            "openbag"
        ]
    },
    "partyshot": {
        "replace": false,
        "sounds": [
            "partyshot"
        ]
    },
    "thumper": {
        "replace": false,
        "sounds": [
            "thumper"
        ]
    },
    "bulletsilence": {
        "replace": false,
        "sounds": [
            "bulletsilence"
        ]
    },
    "reloadak47": {
        "replace": false,
        "sounds": [
            "reloadak47"
        ]
    },
    "reloadslide": {
        "replace": false,
        "sounds": [
            "reloadslide"
        ]
    },
    "bulletmauser": {
        "replace": false,
        "sounds": [
            "bulletmauser"
        ]
    },
    "bulletak47": {
        "replace": false,
        "sounds": [
            "bulletak47"
        ]
    },
    "reloadfn": {
        "replace": false,
        "sounds": [
            "reloadfn"
        ]
    },
    "reloadm16": {
        "replace": false,
        "sounds": [
            "reloadm16"
        ]
    },
    "reloadshotgun": {
        "replace": false,
        "sounds": [
            "reloadshotgun"
        ]
    },
    "bulletshotgun": {
        "replace": false,
        "sounds": [
            "bulletshotgun"
        ]
    },
    "reloadshell": {
        "replace": false,
        "sounds": [
            "reloadshell"
        ]
    }
	"minetopiaclassic.carsound1": {
		"sounds": [
			"customminetopiaclassic/carsound1"
		]
	},
	"minetopiaclassic.carsound2": {
		"sounds": [
			"customminetopiaclassic/carsound2"
		]
	},
	"minetopiaclassic.carsound3": {
		"sounds": [
			"customminetopiaclassic/carsound3"
		]
	},
	"minetopiaclassic.lightsaber1": {
		"sounds": [
			"customminetopiaclassic/lightsaber1"
		]
	},
	"minetopiaclassic.lightsaber2": {
		"sounds": [
			"customminetopiaclassic/lightsaber2"
		]
	},
	"minetopiaclassic.r2d2": {
		"sounds": [
			"customminetopiaclassic/r2d2"
		]
	},
	"minetopiaclassic.belring": {
		"sounds": [
			"customminetopiaclassic/belring"
		]

	},
	"minetopiaclassic.horn1": {
		"sounds": [
			"customminetopia_vehicles/horn1"
		]
	},
	"minetopiaclassic.horn2": {
		"sounds": [
			"customminetopia_vehicles/horn2"
		]
	},
	"minetopiaclassic.horn3": {
		"sounds": [
			"customminetopia_vehicles/horn3"
		]
	},
	"minetopiaclassic.horn4": {
		"sounds": [
			"customminetopia_vehicles/horn4"
		]
	},
	"minetopiaclassic.horn5": {
		"sounds": [
			"customminetopia_vehicles/horn5"
		]
	},
	"minetopiaclassic.horn6": {
		"sounds": [
			"customminetopia_vehicles/horn6"
		]
	},
	"minetopiaclassic.horn7": {
		"sounds": [
			"customminetopia_vehicles/horn7"
		]
	},
	"minetopiaclassic.horn8": {
		"sounds": [
			"customminetopia_vehicles/horn8"
		]
	},
	"minetopiaclassic.horn9": {
		"sounds": [
			"customminetopia_vehicles/horn9"
		]
	},
	"minetopiaclassic.horn10": {
		"sounds": [
			"customminetopia_vehicles/horn10"
		]
	},
	"minetopiaclassic.horn11": {
		"sounds": [
			"customminetopia_vehicles/horn11"
		]
	},
	"minetopiaclassic.horn12": {
		"sounds": [
			"customminetopia_vehicles/horn12"
		]
	},
	"minetopiaclassic.horn13": {
		"sounds": [
			"customminetopia_vehicles/horn13"
		]
	},
	"minetopiaclassic.horn14": {
		"sounds": [
			"customminetopia_vehicles/horn14"
		]
	},
	"minetopiaclassic.horn15": {
		"sounds": [
			"customminetopia_vehicles/horn15"
		]
	},
	"minetopiaclassic.horn16": {
		"sounds": [
			"customminetopia_vehicles/horn16"
		]
	},
	"minetopiaclassic.horn17": {
		"sounds": [
			"customminetopia_vehicles/horn17"
		]
	},
	"minetopiaclassic.horn18": {
		"sounds": [
			"customminetopia_vehicles/horn18"
		]
	},
	"minetopiaclassic.horn19": {
		"sounds": [
			"customminetopia_vehicles/horn19"
		]
	},
	"minetopiaclassic.horn20": {
		"sounds": [
			"customminetopia_vehicles/horn20"
		]
	},
        "minetopia.gunreloadhard": {
		"sounds": [
			"customminetopiaclassic/gunreload_hard"
		]
	},
        "minetopia.gunreloadsoft": {
		"sounds": [
			"customminetopiaclassic/gunreload_soft"
		]
	},
        "minetopia.gunshothandgun": {
		"sounds": [
			"customminetopiaclassic/gunshot_handgun"
		]
	},
        "minetopia.gunshothard": {
		"sounds": [
			"customminetopiaclassic/gunshot_hard"
		]
	},
        "minetopia.gunshotrevolver": {
		"sounds": [
			"customminetopiaclassic/gunshot_revolver"
		]
	},
	"minetopia.gunempty": {
		"sounds": [
			"customminetopiaclassic/gunempty"
		]
	},
	"minetopiaclassic.vuvuzela": {
		"sounds": [
			"customminetopiaclassic/vuvuzela"
		]
	},
	"minetopia.bat": {
		"sounds": [
			"customminetopiaclassic/bat"
		]
	},
	"minetopia.glitter": {
		"sounds": [
			"customminetopiaclassic/glitter"
		]
	},
	"minetopia.grenadelauncher": {
		"sounds": [
			"customminetopiaclassic/grenadelauncher"
		]
	},
	"minetopia.knifeheadshot": {
		"sounds": [
			"customminetopiaclassic/knifeheadshot"
		]
	},
	"minetopia.454bb": {
		"sounds": [
			"customminetopiaclassic/454bb"
		]
	},
	"minetopia.impreza": {
		"sounds": [
			"customminetopiaclassic/impreza"
		]
	},
	"minetopia.nissangtr": {
		"sounds": [
			"customminetopiaclassic/nissangtr"
		]
	},
	"minetopia.nov8": {
		"sounds": [
			"customminetopiaclassic/nov8"
		]
	},
	"minetopia.rallycar": {
		"sounds": [
			"customminetopiaclassic/rallycar"
		]
	},
	"minetopia.supra": {
		"sounds": [
			"customminetopiaclassic/supra"
		]
	},
	"minetopia.ultimatef1": {
		"sounds": [
			"customminetopiaclassic/ultimatef1"
		]
	},
	"minetopia.v6turbo": {
		"sounds": [
			"customminetopiaclassic/v6turbo"
		]
	},
	"minetopia.v8cbblock": {
		"sounds": [
			"customminetopiaclassic/v8cbblock2"
		]
	},
	"minetopia.v8f1": {
		"sounds": [
			"customminetopiaclassic/v8f1"
		]
	},
	"minetopia.v8hemi": {
		"sounds": [
			"customminetopiaclassic/v8hemi"
		]
	},
	"minetopia.v8supercharged": {
		"sounds": [
			"customminetopiaclassic/v8supercharged"
		]
	},
	"minetopia.v10f1": {
		"sounds": [
			"customminetopiaclassic/v10f1"
		]
	},
	"minetopia.v12f1": {
		"sounds": [
			"customminetopiaclassic/v12f1"
		]
	},
	"minetopia.v12lambo": {
		"sounds": [
			"customminetopiaclassic/v12lambo"
		]
	},
	"minetopia.vr6turbo": {
		"sounds": [
			"customminetopiaclassic/vr6turbo"
		]
	},
	"minetopia.vtec": {
		"sounds": [
			"customminetopiaclassic/vtec"
		]
	},
	"minetopia.supermax": {
		"sounds": [
			"customminetopiaclassic/supermax"
		]
	}


}